text_id,title_tl,title_ar,au_id_id,genre_id,perm,permbib,pdf,pg_rng,word_len,source,contrib
1,Kitāb al-ʿIlm,كتاب العلم,1,Sufism,https://www.worldcat.org/title/12692418,"al-Muḥāsibī, al-Ḥārith b. Asad. <em>Kitāb al-ʿIlm</em>. Edited by Muḥammad al-ʿĀbid Mazālī. Tunis: al-Dār al-Tunisiyya li-l-Nashr, 1975",https://archive.org/details/elmohasebi/3ilm/,81-99,1543,OCR,A. Musto
2,Sharḥ al-Maʿrifa,شرح المعرفة,1,Sufism,http://www.worldcat.org/oclc/745277416,"al-Muḥāsibī, al-Ḥārith b. Asad. <em>Sharḥ al-Maʿrifa</em>. Edited by Ṣāliḥ Aḥmad al-Shāmī. Damascus: Dār al-Qalam, 1993",https://archive.org/details/elmohasebi/char7ma3rifa/,17-77,4600,OCR,A. Musto
3,Mā'iyyat al-ʿAql,مائية العقل,1,Sufism,http://www.worldcat.org/oclc/1033847299,"al-Muḥāsibī, al-Ḥārith b. Asad. <em>al-ʿAql wa-fahm al-Qurʿān</em>. Edited by Ḥusayn Qūwatlī. Beirut: Dār al-Fikr, 1971",https://archive.org/details/elmohasebi/3ql/,201-238,4323,OITI,A. Musto
4,Risāla ilā baʿḍ Ikhwāni-hi,رسالة إلى بعض إخوانه,2,Sufism,http://www.worldcat.org/oclc/23141078,"al-Junayd, Abū al-Qāsim. <em>Rasā’il al-Junayd</em>. Edited by ʿAlī Ḥasan ʿAbd al-Qādir. Cairo: Buraʿī wa-l-Jiddāy, 1988",https://archive.org/details/Imam-Aljoneed/%D8%B1%D8%B3%D8%A7%D8%A6%D9%84%20%D8%A7%D9%84%D8%AC%D9%86%D9%8A%D8%AF/,1,163,OCR,A. Musto
5,Risāla ilā Yaḥyā b. Muʿādh al-Rāzī,رسالة إلى يحيى بن معاذ الرازي,2,Sufism,http://www.worldcat.org/oclc/23141078,"al-Junayd, Abū al-Qāsim. <em>Rasā’il al-Junayd</em>. Edited by ʿAlī Ḥasan ʿAbd al-Qādir. Cairo: Buraʿī wa-l-Jiddāy, 1988",https://archive.org/details/Imam-Aljoneed/%D8%B1%D8%B3%D8%A7%D8%A6%D9%84%20%D8%A7%D9%84%D8%AC%D9%86%D9%8A%D8%AF/,2,126,OCR,A. Musto
6,Risāla li-Abī al-Qāsim ilā baʿḍ Ikhwāni-hi,رسالة لأبي القاسم الجنيد إلى,2,Sufism,http://www.worldcat.org/oclc/23141078,"al-Junayd, Abū al-Qāsim. <em>Rasā’il al-Junayd</em>. Edited by ʿAlī Ḥasan ʿAbd al-Qādir. Cairo: Buraʿī wa-l-Jiddāy, 1988",https://archive.org/details/Imam-Aljoneed/%D8%B1%D8%B3%D8%A7%D8%A6%D9%84%20%D8%A7%D9%84%D8%AC%D9%86%D9%8A%D8%AF/,5-Mar,708,OCR,A. Musto
7,Kitāb ilā ʿAmr b. ʿUthmān al-Makkī,كتاب إلى عمرو بن عثمان المكي,2,Sufism,http://www.worldcat.org/oclc/23141078,"al-Junayd, Abū al-Qāsim. <em>Rasā’il al-Junayd</em>. Edited by ʿAlī Ḥasan ʿAbd al-Qādir. Cairo: Buraʿī wa-l-Jiddāy, 1988",https://archive.org/details/Imam-Aljoneed/%D8%B1%D8%B3%D8%A7%D8%A6%D9%84%20%D8%A7%D9%84%D8%AC%D9%86%D9%8A%D8%AF/,23-Jun,4245,OCR,A. Musto
8,Kitāb ilā Yūsuf b. al-Ḥusayn al-Rāzī,كتاب إلى أبي يعقوب يسوف بن الحسين,2,Sufism,http://www.worldcat.org/oclc/23141078,"al-Junayd, Abū al-Qāsim. <em>Rasā’il al-Junayd</em>. Edited by ʿAlī Ḥasan ʿAbd al-Qādir. Cairo: Buraʿī wa-l-Jiddāy, 1988",https://archive.org/details/Imam-Aljoneed/%D8%B1%D8%B3%D8%A7%D8%A6%D9%84%20%D8%A7%D9%84%D8%AC%D9%86%D9%8A%D8%AF/,26-28,901,OCR,A. Musto
9,Kitāb al-Fanā',كتاب الفناء,2,Sufism,http://www.worldcat.org/oclc/23141078,"al-Junayd, Abū al-Qāsim. <em>Rasā’il al-Junayd</em>. Edited by ʿAlī Ḥasan ʿAbd al-Qādir. Cairo: Buraʿī wa-l-Jiddāy, 1988",https://archive.org/details/Imam-Aljoneed/%D8%B1%D8%B3%D8%A7%D8%A6%D9%84%20%D8%A7%D9%84%D8%AC%D9%86%D9%8A%D8%AF/,32-37,1518,OCR,A. Musto
10,Kitāb al-Mīthāq,كتاب الميثاق,2,Sufism,http://www.worldcat.org/oclc/23141078,"al-Junayd, Abū al-Qāsim. <em>Rasā’il al-Junayd</em>. Edited by ʿAlī Ḥasan ʿAbd al-Qādir. Cairo: Buraʿī wa-l-Jiddāy, 1988",https://archive.org/details/Imam-Aljoneed/%D8%B1%D8%B3%D8%A7%D8%A6%D9%84%20%D8%A7%D9%84%D8%AC%D9%86%D9%8A%D8%AF/,42-44,775,OCR,A. Musto
11,Fī al-Ulūhiyya,في الألوهية,2,Sufism,http://www.worldcat.org/oclc/23141078,"al-Junayd, Abū al-Qāsim. <em>Rasā’il al-Junayd</em>. Edited by ʿAlī Ḥasan ʿAbd al-Qādir. Cairo: Buraʿī wa-l-Jiddāy, 1988",https://archive.org/details/Imam-Aljoneed/%D8%B1%D8%B3%D8%A7%D8%A6%D9%84%20%D8%A7%D9%84%D8%AC%D9%86%D9%8A%D8%AF/,48-49,541,OCR,A. Musto
12,Fī al-Farq bayn al-Ṣidq wa-l-Ikhlāṣ,في الفرق بين الصدق والإخلاص,2,Sufism,http://www.worldcat.org/oclc/23141078,"al-Junayd, Abū al-Qāsim. <em>Rasā’il al-Junayd</em>. Edited by ʿAlī Ḥasan ʿAbd al-Qādir. Cairo: Buraʿī wa-l-Jiddāy, 1988",https://archive.org/details/Imam-Aljoneed/%D8%B1%D8%B3%D8%A7%D8%A6%D9%84%20%D8%A7%D9%84%D8%AC%D9%86%D9%8A%D8%AF/,52-54,767,OCR,A. Musto
13,Fī al-Tawḥīd,في التوحيد,2,Sufism,http://www.worldcat.org/oclc/23141078,"al-Junayd, Abū al-Qāsim. <em>Rasā’il al-Junayd</em>. Edited by ʿAlī Ḥasan ʿAbd al-Qādir. Cairo: Buraʿī wa-l-Jiddāy, 1988",https://archive.org/details/Imam-Aljoneed/%D8%B1%D8%B3%D8%A7%D8%A6%D9%84%20%D8%A7%D9%84%D8%AC%D9%86%D9%8A%D8%AF/,58-62,1149,OCR,A. Musto
14,Ādāb al-Muftaqir ilā Allāh,آداب المفتقر إلى الله,2,Sufism,http://www.worldcat.org/oclc/23141078,"al-Junayd, Abū al-Qāsim. <em>Rasā’il al-Junayd</em>. Edited by ʿAlī Ḥasan ʿAbd al-Qādir. Cairo: Buraʿī wa-l-Jiddāy, 1988",https://archive.org/details/Imam-Aljoneed/%D8%B1%D8%B3%D8%A7%D8%A6%D9%84%20%D8%A7%D9%84%D8%AC%D9%86%D9%8A%D8%AF/,66-69,1024,OCR,A. Musto
15,Kitāb Dawā' al-Tafrīṭ,كتاب دواء التفريط,2,Sufism,http://www.worldcat.org/oclc/23141078,"al-Junayd, Abū al-Qāsim. <em>Rasā’il al-Junayd</em>. Edited by ʿAlī Ḥasan ʿAbd al-Qādir. Cairo: Buraʿī wa-l-Jiddāy, 1988",https://archive.org/details/Imam-Aljoneed/%D8%B1%D8%B3%D8%A7%D8%A6%D9%84%20%D8%A7%D9%84%D8%AC%D9%86%D9%8A%D8%AF/,72-76,1258,OCR,A. Musto
16,Kitāb Dawā' al-Arwāḥ,كتاب دواء الأرواح,2,Sufism,http://www.worldcat.org/oclc/62886370,"al-Junayd, Abū al-Qāsim. <em>Rasā’il al-Junayd</em>. Edited by Jamāl Rajab Sīdbī. Damascus: Dār Iqra’, 2005",https://archive.org/details/rasail_al_junayd,105-109,1648,OCR,A. Musto
17,Risāla ilā Yūsuf b. Yaḥyā,رسالة إلى يسوف بن يحيى,2,Sufism,http://www.worldcat.org/oclc/62886370,"al-Junayd, Abū al-Qāsim. <em>Rasā’il al-Junayd</em>. Edited by Jamāl Rajab Sīdbī. Damascus: Dār Iqra’, 2005",https://archive.org/details/rasail_al_junayd,191-194,1064,OCR,A. Musto
18,Kitāb al-Ḍiyā',كتاب الضياء,3,Sufism,http://www.worldcat.org/oclc/23487100,"al-Kharrāz, Aḥmad b. ʿĪsā. <em>Rasā’il al-Kharrāz</em>. Edited by Qāsim Samarrā’ī. Baghdad: Maṭbaʿat al-Majmaʿ al-ʿIlmī al-Iʿrāqī, 1967",0,28-30,667,OCR,A. Musto
19,Kitāb al-Ṣafā',كتاب الصفاء,3,Sufism,http://www.worldcat.org/oclc/23487100,"al-Kharrāz, Aḥmad b. ʿĪsā. <em>al-Imām al-Kharrāz Shaykh al-Fanā’ wa-l-Baqā’</em>. Edited by Mīʿād Sharaf al-Dīn Kīlānī. Beirut: Kitāb Nāshirūn, 2012",0,143-149,1426,OCR,A. Musto
20,Kitāb al-Kashf wa-l-Bayān,كتاب الكشف والبيان,3,Sufism,https://www.worldcat.org/title/828182369,"al-Kharrāz, Aḥmad b. ʿĪsā. <em>al-Imām al-Kharrāz Shaykh al-Fanā’ wa-l-Baqā’</em>. Edited by Mīʿād Sharaf al-Dīn Kīlānī. Beirut: Kitāb Nāshirūn, 2012",0,150-157,1714,OCR,A. Musto
21,Kitāb al-Farāgh,كتاب الفراغ,3,Sufism,https://www.worldcat.org/title/828182369,"al-Kharrāz, Aḥmad b. ʿĪsā. <em>al-Imām al-Kharrāz Shaykh al-Fanā’ wa-l-Baqā’</em>. Edited by Mīʿād Sharaf al-Dīn Kīlānī. Beirut: Kitāb Nāshirūn, 2012",0,161-175,2173,OCR,A. Musto
22,Kitāb al-Ḥaqā'iq,كتاب الحقائق,3,Sufism,https://www.worldcat.org/title/828182369,"al-Kharrāz, Aḥmad b. ʿĪsā. <em>al-Imām al-Kharrāz Shaykh al-Fanā’ wa-l-Baqā’</em>. Edited by Mīʿād Sharaf al-Dīn Kīlānī. Beirut: Kitāb Nāshirūn, 2012",0,179-193,2164,OCR,A. Musto
23,Kitāb Ādāb al-Ṣalāt,كتاب آداب الصلاة,3,Sufism,https://www.worldcat.org/title/828182369,"al-Kharrāz, Aḥmad b. ʿĪsā. <em>al-Imām al-Kharrāz Shaykh al-Fanā’ wa-l-Baqā’</em>. Edited by Mīʿād Sharaf al-Dīn Kīlānī. Beirut: Kitāb Nāshirūn, 2012",0,133-135,271,OCR,A. Musto
24,Kitāb Darājāt al-Murīdīn,كتاب دراجات المريدين,3,Sufism,https://www.worldcat.org/title/828182369,"al-Kharrāz, Aḥmad b. ʿĪsā. <em>al-Imām al-Kharrāz Shaykh al-Fanā’ wa-l-Baqā’</em>. Edited by Mīʿād Sharaf al-Dīn Kīlānī. Beirut: Kitāb Nāshirūn, 2012",0,136-139,435,OCR,A. Musto
25,Kitāb al-Ṣidq,كتاب الصدق,3,Sufism,http://www.worldcat.org/oclc/779158823,"al-Kharrāz, Aḥmad b. ʿĪsā. <em>al-Ṭarīq ilā Allāh aw Kitāb al-Ṣidq</em>. Edited by ʿAbd al-Ḥalīm Maḥmūd. Cairo: Dār al-Maʿārif, 1979",0,May-97,14108,OCR,A. Musto
26,Maqāmāt al-Qulūb,مقامات القلوب,4,Sufism,http://www.worldcat.org/oclc/66882781,"al-Nūrī, Abū al-Ḥusayn. <em>Maqāmāt al-Qulūb.</em> edited by Qāsim Samarrā’ī. Bagdad: Maṭbaʿat al-Maʿārif, 1969",0,21-Dec,1929,OCR,A. Musto
27,Kitāb al-Masā'il,كتاب المسائل,5,Sufism,0,"al-Iṣfahānī, Abū Manṣūr. “Kitāb Al-Minhāj Wa-l-Masāʾil Wa-l-Waṣiyya, with Dhikr Maʿānī l-Taṣawwuf.” Edited by Nasrollah Pourjavady. <em>Maʿārif</em> 6/3 (1990)",0,31-34,690,OCR,A. Musto
28,Kitāb al-Waṣiyya,الوصية,5,Sufism,0,"al-Iṣfahānī, Abū Manṣūr. “Kitāb Al-Minhāj Wa-l-Masāʾil Wa-l-Waṣiyya, with Dhikr Maʿānī l-Taṣawwuf.” Edited by Nasrollah Pourjavady. <em>Maʿārif</em> 6/3 (1990)",0,34-40,1474,OCR,A. Musto
29,Kitāb al-Minhāj,كتاب المنهاج,5,Sufism,0,"al-Iṣfahānī, Abū Manṣūr. “Kitāb Al-Minhāj Wa-l-Masāʾil Wa-l-Waṣiyya, with Dhikr Maʿānī l-Taṣawwuf.” Edited by Nasrollah Pourjavady. <em>Maʿārif</em> 6/3 (1990)",0,40-43,752,OCR,A. Musto
30,al-ʿĀlim wa-l-mutaʿallim,العالم والمتعلم,6,Theology,http://www.worldcat.org/oclc/318058865,"Abū Ḥanīfa. al-ʿĀlim wa-l-mutaʿallim wa-yalī-hi risālat abī ḥanīfa ilā ʿUthmān al-Battī. Edited by Muḥammad Zāhid al-Kawtharī. Al-Qahira: Matba`at al-Anwar, 1989",https://archive.org/details/PDF_Abu_Hanifa,Aug-32,7861,OCR,A. Musto
31,al-Risāla ilā ʿuthmān al-battī,الرسالة إلى عثمان البتي,7,Theology,http://www.worldcat.org/oclc/318058865,"Abū Ḥanīfa. al-ʿĀlim wa-l-mutaʿallim wa-yalī-hi risālat abī ḥanīfa ilā ʿUthmān al-Battī. Edited by Muḥammad Zāhid al-Kawtharī. Al-Qahira: Matba`at al-Anwar, 1989",https://archive.org/details/PDF_Abu_Hanifa,34-38,1408,OCR,A. Musto
32,Maqāla fīmā baʿda al-ṭabīʿa,مقالة فيما بعد الطبيعة,10,Philosophy,http://www.worldcat.org/oclc/912379005,"al-Rāzī, Abū Bakr. <em>Rasā’il Falsafiyya</em>. Edited by Paul Kraus. Cairo: Jāmiʿat Fū’ād al-Awwal: Kulliyat al-Adab, 1939",https://ia803101.us.archive.org/11/items/lis_qd109/lis_qd10902.pdf,116-134,4379,OITI,A. Musto
33,Fī al-ʿAql,في العقل,9,Philosophy,http://www.worldcat.org/oclc/882764197,"al-Kindī. <em>Rasā’il al-Kindī al-falsafiyya</em>. Edited by Muḥammad ʿAbd al-Hādī Abū Riḍā. Egypt: Dār al-Fikr al-ʿArabī, 1950",https://shiabooks.net/library.php?id=13023,353-358,660,OITI,A. Musto
34,Kitāb al-Sīra al-falsafiyya,كتاب السيرة الفلسفية,10,Philosophy,http://www.worldcat.org/oclc/912379005,"al-Rāzī, Abū Bakr. <em>Rasā’il Falsafiyya</em>. Edited by Paul Kraus. Cairo: Jāmiʿat Fū’ād al-Awwal: Kulliyat al-Adab, 1939",https://ia803101.us.archive.org/11/items/lis_qd109/lis_qd10902.pdf,97-111,2756,OITI,A. Musto
35,Bustān al-maʿrifa,بستان المعرفة,13,Sufism,http://www.worldcat.org/oclc/50394851,"al-Ḥallāj, Ḥusayn b. Manṣūr. “Bustān al-maʿrifah.” In <em>al-Ḥallāj: al-aʻmāl al-kāmilah</em>, edited by Qāsim Muḥammad ʿAbbās. Beirut: Riyāḍ al-Rayyis, 2002",https://archive.org/details/sufi-works_201905,213-217,694,OCR,A. Musto
36,Mā al-taṣawwuf wa-man al-ṣūfī,ما التصوف ومن الصوفي,11,Sufism,http://www.worldcat.org/oclc/551698977,"al-Sulamī, Abū ʿAbd al-Raḥmān. “Mā al-Taṣawwuf wa-man al-ṣūfī.” In <em>Majmūʿah-i Āsār-i Abū ʿAbd al-Raḥmān Sulamī vol. 3</em>, eds. Nasrollah Pourjavady and Muḥammad Sūrī. Tehran: Markaz-i Nashr-i Dānishgāhī, 1990-2010",https://archive.org/embed/majmua_asr_abu_abd_ar-rahman_Sulamī,327-330,756,OCR,A. Musto
37,Ādāb al-nufūs,آداب النفوس,1,Sufism,http://www.worldcat.org/oclc/1243825398,"al-Muḥāsibī, al-Ḥārith b. Asad. <em>Ādāb al-nufūs</em>. Edited by ʿAbd al-Qādir Aḥmad ʿAṭā. Beirut: Dār al-Jīl, 1984",0,35-198,24715,OITI,A. Musto
38,Risālat al-Mustarshidīn,رسالة المسترشدين,1,Sufism,http://www.worldcat.org/oclc/643652671,"al-Muḥāsibī, al-Ḥārith b. Asad. <em>Risālat al-Mustarshidīn</em>. Edited by ʿAbd al-Fattāḥ Abū Ghudda. Aleppo: Maktab al-Maṭbūʿāt al-Islāmiyya, 1982",https://archive.org/details/risalatmostarchidine,35-183,5309,OITI,A. Musto
39,Kitāb al-Taʿarruf li-Madhhab ahl al-taṣawwuf,كتاب التعرف لمذهب اهل التصوف,19,Sufism,http://www.worldcat.org/oclc/957338330,"al-Kalābādhī, Muḥammad b. Ibrāhīm. <em>al-Taʿarruf li-madhhab ahl al-taṣawwuf</em>. Edited by Aḥmad Shams al-Dīn. Beirut: Dār al-Kutub al-ʿIlmiyya, 2001",0,19-161,28238,OITI,A. Musto
40,Ādāb al-ṣuḥba,آداب الصحبة,11,Sufism,http://www.worldcat.org/oclc/30020458,"al-Sulamī, Abū ʿAbd al-Raḥmān. <em>Ādāb al-Ṣuḥba</em>. Edited by Majdī Fatḥī al-Sayyid. Ṭanṭā: Dār al-Ṣaḥāba li-l-Turāth, 1990",0,37-126,11082,OITI,A. Musto
41,Kitāb Ṭabaqāt al-Ṣūfiyya,كتاب طبقات الصوفية,11,Sufism,http://www.worldcat.org/oclc/164560561,"al-Sulamī, Abū ʿAbd al-Raḥmān. <em>Ṭabaqāt al-Ṣūfiyya: wa-yalīhi dhikr al-niswat al-mutaʿabbidāt al-ṣūfiyyāt</em>. Edited by ʿAbd al-Qādir Aḥmad ʿAṭā. Beirut: Dār al- Kutub al-ʿIlmiyya, 1998",0,20-425,71070,OITI,A. Musto
42,kitāb al-Arbaʿīn,كتاب الأربعين,11,Sufism,http://www.worldcat.org/oclc/255621401,"al-Sulamī. Kitāb al-Arbaʿīn fī al-Taṣawwuf. Hyderabad: Majlis Dāʾirat al-Maʿārif al-ʿUthmānīyah, 1369/1950",0,16-Jan,3609,OITI,A. Musto
43,kitāb al-Arbaʿīn,كتاب الأربعين,15,Sufism,http://www.worldcat.org/oclc/608516511,"Abū Nuʿaym al-Iṣfahānī.<em> Kitāb al-Arbaʿīn ʿalā Madhhab al-Mutaḥaqqiqīn min al-Ṣūfīyah, wa-yalīhi al-Juzʾ al-Khāmis min Kitāb al-Arbaʿīn fī Faḍl al-Duʿāʾ wa-l-Dāʿīn</em>. Edited by Badr b. ʿAbd Allāh b. Badr. Beirut: Dār Ibn Ḥazm, 1414/1993",https://archive.org/details/0396-/mode/2up,19-112,5252,OITI,A. Musto
44,Kitāb al-Zuhd wa-ṣifat al-zāhidīn,كتاب الزهد وصفة الزاهدين,20,Sufism,https://worldcat.org/en/title/957040526,"Ibn al-Aʿrābī. <em>al-Zuhd wa-Ṣifat al-Zāhidīn</em>. Edited by Majdī Fatḥi al-Sayyid Ibrāhīm. Ṭanṭā: Dār al-Ṣaḥābah li-l-Turāth, 1408/1988",0,17-73,8976,OITI,A. Musto
45,Kitāb al-Samāʿ,كتاب السماع,11,Sufism,http://ensani.ir/file/download/article/20101118165443-110.pdf,"Naṣr Allāh Pūrjavādī, ""Dū Athr-i Kuhan dar Samāʿ az Abū ʿAbd al-Raḥmān al-Sulamī va Abū Manṣūr Iṣfahānī "" Maʿārif-i Islāmī 20 (1367^/1989): pp. 291-366, at ",http://ensani.ir/file/download/article/20101118165443-110.pdf,344-355,2801,OCR,A. Musto
46,Faḍl al-taṣawwuf,فضل التصوف,14,Sufism,0,"Fāṭimeh ʿAlāqeh and Kāẓim Bargnīsī, ""Risālah-yi 'Faḍl al-taṣawwuf ʿalā al-madhāhib': taʾlīf Abū ʿAbd Allāh Muḥammad b. Khafīf,"" Maʿārif-i Islāmī 43-44 (1377^/1998)",0,54-80,8167,OCR,A. Musto
47,Maqāla fī al-ʿilm wa-l-muʿjiz,مقالة في العلم والمعجز,21,naṣrāniyya,https://www.worldcat.org/title/57220135,"Abū al-Faraj ʿAbd Allāh b. al-Ṭayyib. ""Maqāla fī al-ʿilm wa-l-muʿjiz.” In <em>Vingt traités théologiques d’auteurs arabes chrétiens, IXe-XIIIe siècle</em>, edited by Louis Cheikho, Louis Malouf, and Constantin Bacha. Beirut: Imprimerie Catholique, 1920",https://archive.org/details/VingtTraitesPhilosophiquesEtApologetiquesDauteursArabesChretiens,179-180,225,OCR,G. DiRusso
48,Maqāla fī ikhtilāf lafẓ al-anājīl wa-maʿānī-hā,مقالة في اختلاف لفظ الأناجيل ومعانيها,22,naṣrāniyya,https://www.worldcat.org/title/57220135,"Abū Zakariyā Yaḥyā b. ʿAdī. ""Maqāla fī ikhtilāf lafẓ al-anājīl wa-maʿānī-hā.” In <em>Vingt traités théologiques d’auteurs arabes chrétiens, IXe-XIIIe siècle</em>, edited by Louis Cheikho, Louis Malouf, and Constantin Bacha. Beirut: Imprimerie Catholique, 1920",https://archive.org/details/VingtTraitesPhilosophiquesEtApologetiquesDauteursArabesChretiens,171-172,249,OCR,G. DiRusso
49,Risālat Rawḍat al-murīdīn,رسالة روضة المريدين,11,Sufism,http://www.worldcat.org/oclc/551698977,"al-Sulamī, Abū ʿAbd al-Raḥmān. “Risālat Rawḍ al-Murīdīn.” In <em>Majmūʿah-i Āsār-i Abū ʿAbd al-Raḥmān Sulamī vol. 3</em>, eds. Nasrollah Pourjavady and Muḥammad Sūrī. Tehran: Markaz-i Nashr-i Dānishgāhī, 1990-2010",https://archive.org/embed/majmua_asr_abu_abd_ar-rahman_Sulamī,373-381,1478,OCR,A. Musto
50,Maqāla fī waḥdāniyyat al-bāri' taʿālā wa-tathlīth aqānīmi-hi,مقالة في وحدانية البارئ وتثليث أقانيمه,23,naṣrāniyya,https://worldcat.org/en/title/63942028,"Simʿān b. Kalīl. ""Maqāla fī waḥdāniyyat al-bāri' taʿālā wa-tathlīth aqānīmi-hi.” In <em>Vingt traités théologiques d’auteurs arabes chrétiens, IXe-XIIIe siècle</em>, edited by Louis Cheikho, Louis Malouf, and Constantin Bacha. Beirut: Imprimerie Catholique, 1920",https://archive.org/details/VingtTraitesPhilosophiquesEtApologetiquesDauteursArabesChretiens,103-111,1461,OCR,G. DiRusso
51,Maqāla fī al-barāhīn ʿalā ṣiḥḥat al-injīl,مقالة في البراهين على صحة الإنجيل,24,naṣrāniyya,https://worldcat.org/en/title/63942028,"Īshūʿyāb b. Malkūn Muṭrān Nasībīn. ""Maqāla fī al-barāhīn ʿalā ṣiḥḥat al-injīl.” In <em>Vingt traités théologiques d’auteurs arabes chrétiens, IXe-XIIIe siècle</em>, edited by Louis Cheikho, Louis Malouf, and Constantin Bacha. Beirut: Imprimerie Catholique, 1920",https://archive.org/details/VingtTraitesPhilosophiquesEtApologetiquesDauteursArabesChretiens,152-155,580,OCR,G. DiRusso
52,Fuṣūl fī naṣīḥat al-umarā' wa-l-wuzarā',فصول في نصيحة الأمراء والوزراء من جمعه رحمه الله,11,Sufism,https://worldcat.org/en/title/670223261,"al-Sulamī, Abū ʿAbd al-Raḥmān. ""Fuṣūl fī Naṣīḥat al-Umarāʾ wa-l-Wuzarāʾ min jamʿihi raḥimahu Allāh.""  In Bilal Orfali and Gerhard Böwering (eds.). <em>Masāʾil wa-Taʾwīlāt Ṣūfīyah li-Abī ʿAbd al-Raḥmān al-Sulamī, Nuṣūs wa-Durūs Islāmīyah</em>. Beirut: Dar El-Machreq, 2012",0,49-54,1859,OCR,A. Musto
53,Kitāb Bayān al-sharīʿah wa-l-haqīqah,كتاب بيان الشريعة والحقيقة,11,Sufism,http://www.worldcat.org/oclc/551698977,"al-Sulamī, Abū ʿAbd al-Raḥmān. “Kitāb Bayān al-Sharīʿah wa-l-Ḥaqīqah.” In <em>Majmūʿah-i Āsār-i Abū ʿAbd al-Raḥmān Sulamī v. 3</em>, eds. Nasrollah Pourjavady and Muḥammad Sūrī. Tehran: Markaz-i Nashr-i Dānishgāhī, 1990-2010",https://archive.org/embed/majmua_asr_abu_abd_ar-rahman_Sulamī,397-404,1282,OCR,A. Musto
54,Dhikr Miḥan al-mashāyikh al-ṣūfiyya,ذكر محن المشايخ الصوفية,11,Sufism,https://worldcat.org/en/title/670223261,"al-Sulamī, Abū ʿAbd al-Raḥmān. ""Dhikr Miḥan al-mashāyikh al-sūfīyah.""  In Bilal Orfali and Gerhard Böwering (eds.). <em>Masāʾil wa-Taʾwīlāt Ṣūfīyah li-Abī ʿAbd al-Raḥmān al-Sulamī, Nuṣūs wa-Durūs Islāmīyah</em>. Beirut: Dar El-Machreq, 2012",0,55-59,1375,OCR,A. Musto
55,Kitāb Nahj al-khāṣṣ,كتاب نهج الخاص,5,Sufism,0,"Naṣr Allāh Pūrjavādī, ""Kitāb Nahj al-Khāṣṣ,"" Taḥqīqāt-i Islāmī 3/1-2 (1369^/1989-90)",0,132-149,2640,OCR,A. Musto
56,Maqāla fī ḥudūth al-ʿālam wa-waḥdāniyyat al-khāliq wa-tathlīth aqānīmi-hi,مقالة في حدوث العالم ووحدانية الخالق وتثليث أقانيمه,25,naṣrāniyya,https://www.worldcat.org/title/57220135,"Īliyyā Muṭrān Naṣībīn. ""Maqāla fī ḥudūth al-ʿālam wa-waḥdāniyyat al-khāliq wa-tathlīth aqānīmi-hi.” In  Vingt traités théologiques d’auteurs arabes chrétiens, IXe-XIIIe siècle, edited by Louis Cheikho, Louis Malouf, and Constantin Bacha. Beirut: Imprimerie Catholique, 1920",https://archive.org/details/VingtTraitesPhilosophiquesEtApologetiquesDauteursArabesChretiens,75-103,5220,OCR,G. DiRusso
57,Maqāla fī qawli-nā tajassud min al-rūh al-qudus wa-min maryam al-ʿudhrā',مقالة في قولنا تجسد من الروح القدس ومن مريام العذراء,22,naṣrāniyya,https://www.worldcat.org/title/57220135,"Abū Zakariyā Yaḥyā b. ʿAdī. ""Maqāla fī qawli-nā tajassud min al-rūh al-quds wa-min maryam al-ʿudhrā'.” In Vingt traités théologiques d’auteurs arabes chrétiens, IXe-XIIIe siècle, edited by Louis Cheikho, Louis Malouf, and Constantin Bacha. Beirut: Imprimerie Catholique, 1920",https://archive.org/details/VingtTraitesPhilosophiquesEtApologetiquesDauteursArabesChretiens,172-175,545,OCR,G. DiRusso
58,Sharḥ al-Adhkār,شرح الأذكار,5,Sufism,0,"Naṣr Allāh Pūrjavādī, ""Sharḥ al-Adhkār,"" Maʿārif-i Islāmī 19/3 (1383^/2003): pp. 184-192.",0,27-Jun,5019,OCR,A. Musto
59,Ādāb al-mutaṣawwifa,آداب المتصوفة,5,Sufism,0,"Naṣr Allāh Pūrjavādī, ""Ādāb al-Mutaṣawwifah wa-Ḥaqāʾiquhā wa-Ishārātuhā,"" Maʿārif-i Islāmī 9/3 (1372^/1992): pp. 15-48",0,25-42,2816,OCR,A. Musto
60,Kitāb al-Iqtiṣād,كتاب الاقتصاد,14,Sufism,http://www.worldcat.org/oclc/845058690,"Florian Sobieroj, Ibn Ḫafīf aš-Šīrāzī und seine Schrift Novizen erziehung (Kitāb al-Iqtiṣad). Biographische Studien, Edition und Übersetzung, pp. 443-486. Beiruter Texte und Studien Bd. 57. Beirut: Franz Steiner, 1998",0,443-486,11659,OCR,A. Musto
61,Ṭawāsīn,طواسين,13,Sufism,http://www.worldcat.org/oclc/50394851,"al-Ḥallāj. “Kitāb al-Ṭawāsīn.” In ʿAbbās. al-Ḥallāj: al-Aʿmāl al-Kāmilah."" Qāsim Muḥammad ʿAbbās (ed.). Beirut: Riyāḍ al-Rayyis, 2002",https://archive.org/details/sufi-works_201905,161-209,4083,OCR,A. Musto
62,Maqāla fī amr al-ʿaql wa-tamthīl al-ab wa-l-ibn wa-l-rūḥ al-qudus,مقالة في امر العقل وتمثيل الاب والابن والروح القدس,26,naṣrāniyya,https://www.worldcat.org/title/57220135,"Abū ʿAlī ʿĪsā b. Isḥāq b. Zurʿa. ""Maqāla fī amr al-ʿaql wa-tamthīl al-āb wa-l-ibn wa-l-rūḥ al-quds.” In Vingt traités théologiques d’auteurs arabes chrétiens, IXe-XIIIe siècle, edited by Louis Cheikho, Louis Malouf, and Constantin Bacha. Beirut: Imprimerie Catholique, 1920.",https://archive.org/details/VingtTraitesPhilosophiquesEtApologetiquesDauteursArabesChretiens,68-75,1423,OCR,G. DiRusso
63,Maqāla fī al-qiyāma al-ʿāmma,مقالة في القيامة العامة,24,naṣrāniyya,https://www.worldcat.org/title/57220135,"Īshūʿyāb b. Malkūn Muṭrān Nasībīn. ""Maqāla fī al-qiyāma al-ʿāmma.” In Vingt traités théologiques d’auteurs arabes chrétiens, IXe-XIIIe siècle, edited by Louis Cheikho, Louis Malouf, and Constantin Bacha. Beirut: Imprimerie Catholique, 1920.",https://archive.org/details/VingtTraitesPhilosophiquesEtApologetiquesDauteursArabesChretiens,166-167,385,OCR,G. DiRusso
64,Maqāla fī kayfiyyat idrāk ḥaqīqat al-diyāna,مقالة في كفية ادراك حقيقة الديانة,31,naṣrāniyya,https://www.worldcat.org/title/57220135,"Yūḥannā b. Mīnā. ""Maqāla fī kayfiyyat idrāk ḥaqīqat al-diyāna.” In Vingt traités théologiques d’auteurs arabes chrétiens, IXe-XIIIe siècle, edited by Louis Cheikho, Louis Malouf, and Constantin Bacha. Beirut: Imprimerie Catholique, 1920.",https://archive.org/details/VingtTraitesPhilosophiquesEtApologetiquesDauteursArabesChretiens,181-200,3483,OCR,G. DiRusso
65,Maqāla fī ithbāt ṣidq al-injīl,مقالة في إثبات صدق الإنجيل,22,naṣrāniyya,https://www.worldcat.org/title/57220135,"Abū Zakariyā Yaḥyā b. ʿAdī. ""Maqāla fī ithbāt ṣidq al-injīl.” In Vingt traités théologiques d’auteurs arabes chrétiens, IXe-XIIIe siècle, edited by Louis Cheikho, Louis Malouf, and Constantin Bacha. Beirut: Imprimerie Catholique, 1920.",https://archive.org/details/VingtTraitesPhilosophiquesEtApologetiquesDauteursArabesChretiens,168-171,653,CCEL,G. DiRusso
66,Maqāla fī radd al-muslimīn wa-idḥāḍ mā yafta'itūn ʿalā al-naṣārā min al-iʿtiqād bi-thalāthat āliha,مقالة في رد المسلمين وادحاض ما يفتئتون على النصارا من الاعتقاد بثلاثة آلهة ,30,naṣrāniyya,https://www.worldcat.org/title/57220135,"Abū al-Khayr b. al-Ṭayyib al-Rashīd. ""Maqāla fī radd al-muslimīn wa-idḥāḍ mā yafta'itūn ʿalā al-naṣārā min al-iʿtiqād bi-thalāthat āliha.” In Vingt traités théologiques d’auteurs arabes chrétiens, IXe-XIIIe siècle, edited by Louis Cheikho, Louis Malouf, and Constantin Bacha. Beirut: Imprimerie Catholique, 1920.",https://www.tertullian.org/fathers/sbath_18_Abu_al-Khayr_ibn_al-Tayyib.htm,176-178,481,CCEL,G. DiRusso
67,Maqāla fī al-mawāḍiʿ allatī fī-hā al-khilāf bayn al-yahūd wa-l-naṣārā,مقالة في المواضع التي فيها الخلاف بين اليهود والنصارى,26,naṣrāniyya,https://www.worldcat.org/title/57220135,"Abū ʿAlī ʿĪsā b. Isḥāq b. Zurʿa. ""Maqāla fī al-mawāḍiʿ allatī fī-hā al-khilāh bayn al-yahūd wa-l-naṣārā.” In Vingt traités théologiques d’auteurs arabes chrétiens, IXe-XIIIe siècle, edited by Louis Cheikho, Louis Malouf, and Constantin Bacha. Beirut: Imprimerie Catholique, 1920.",https://archive.org/details/VingtTraitesPhilosophiquesEtApologetiquesDauteursArabesChretiens,19-52,6464,OCR,J. Farrell
68,Maqāla fī wujūd al-khāliq wa-kamālātu-hu,مقالة في وجود الخالق وكمالاته,29,naṣrāniyya,https://www.worldcat.org/title/57220135,"Dānyāl b. al-Khaṭṭāb. ""Maqāla fī wujūd al-khāliq wa-kamālātu-hu.” In  Vingt traités théologiques d’auteurs arabes chrétiens, IXe-XIIIe siècle, edited by Louis Cheikho, Louis Malouf, and Constantin Bacha. Beirut: Imprimerie Catholique, 1920.",https://archive.org/details/VingtTraitesPhilosophiquesEtApologetiquesDauteursArabesChretiens,148-151,648,OCR,J. Farrell
69,Maqāla fī al-tathlīth,مقالة في التثليث,26,naṣrāniyya,https://www.worldcat.org/title/57220135,"Ibn Zurʿa. “Maqāla fī al-tathlīth.” In Vingt traités théologiques d’auteurs arabes chrétiens, IXe-XIIIe siècle, edited by Louis Cheikho, Louis Malouf, and Constantin Bacha. Beirut: Imprimerie Catholique, 1920.",https://archive.org/details/VingtTraitesPhilosophiquesEtApologetiquesDauteursArabesChretiens,19-Jun,2658,OCR,J. Farrell
70,Maqāla fī al-mawāḍiʿ allatī fī-hā al-khilāf bayn al-muslimīn wa-l-naṣārā,مقالة في المواضع التي فيها الخلاف بين المسلمين والنصارى,26,naṣrāniyya,https://www.worldcat.org/title/57220135,"Abū ʿAlī ʿĪsā b. Isḥāq b. Zurʿa. ""Maqāla fī al-mawāḍiʿ allatī fī-hā al-khilāh bayn al-muslimīn wa-l-naṣārā.” In Vingt traités théologiques d’auteurs arabes chrétiens, IXe-XIIIe siècle, edited by Louis Cheikho, Louis Malouf, and Constantin Bacha. Beirut: Imprimerie Catholique, 1920.",https://archive.org/details/VingtTraitesPhilosophiquesEtApologetiquesDauteursArabesChretiens,52-68,3457,OCR,J. Farrell
71,Maqāla fī al-radd ʿalā qaḍāyā shittā yaḥjudu-hā al-nās,مقالة في الرد على قضايا شتى يحجدها الناس,28,naṣrāniyya,https://www.worldcat.org/title/57220135,"ʿAbd Allāh b. al-Faḍl al-Anṭākī. ""Maqāla fī al-radd ʿalā qaḍāyā shittā yaḥjudu-hā al-nās.” In  Vingt traités théologiques d’auteurs arabes chrétiens, IXe-XIIIe siècle, edited by Louis Cheikho, Louis Malouf, and Constantin Bacha. Beirut: Imprimerie Catholique, 1920.",https://archive.org/details/VingtTraitesPhilosophiquesEtApologetiquesDauteursArabesChretiens,131-148,3405,OCR,J. Farrell
72,Maqāla fī radd man yattahim al-naṣarā bi-ʿibādat al-aṣnām min ḥaythu anna-hum yasjidūna li-l-ṣalīb wa-yukrimūn al-ṣuwar,مقالة في رد من يتهم النصارا بالعبادة الأصنام من حيث أنهم يسجدون الصليب ويكرمون الصور,24,naṣrāniyya,https://www.worldcat.org/title/57220135,"Īshūʿyāb b. Malkūn Muṭrān Nasībīn. ""Maqāla fī radd man yattahim al-naṣarā bi-ʿibādat al-aṣnām min ḥaythu anna-hum yasjidūna li-l-ṣalīb wa-yukrimūn al-ṣuwar.” In  Vingt traités théologiques d’auteurs arabes chrétiens, IXe-XIIIe siècle, edited by Louis Cheikho, Louis Malouf, and Constantin Bacha. Beirut: Imprimerie Catholique, 1920.",https://archive.org/details/VingtTraitesPhilosophiquesEtApologetiquesDauteursArabesChretiens,158-165,1426,OCR,J. Farrell
73,Martyrdom of James,شهادة يعقوب بن حلفى,32,naṣrāniyya,https://www.worldcat.org/title/4937504,"Gibson, Margaret Dunlop, ed. and trans. Apocrypha Sinaitica. Studia Sinaitica 5. London: C. J. Clay and Sons, 1896",https://archive.org/details/apocryphasinait01gibsgoog/page/n28/mode/2up,63-64,300,OCR,G. DiRusso
74,Preaching of Simon,بشارة الطوبان القديس سيمن بن كلاوبا,32,naṣrāniyya,https://www.worldcat.org/title/4937504,"Gibson, Margaret Dunlop, ed. and trans. Apocrypha Sinaitica. Studia Sinaitica 5. London: C. J. Clay and Sons, 1897",https://archive.org/details/apocryphasinait01gibsgoog/page/n28/mode/2up,65-67,581,OCR,G. DiRusso
75,Martyrdom of Simon,شهادة سيمن بن كلاوبا,32,naṣrāniyya,https://www.worldcat.org/title/4937504,"Gibson, Margaret Dunlop, ed. and trans. Apocrypha Sinaitica. Studia Sinaitica 5. London: C. J. Clay and Sons, 1898",https://archive.org/details/apocryphasinait01gibsgoog/page/n28/mode/2up,68-69,338,OCR,G. DiRusso
76,Acts of Sts. Peter and Paul,خبر بطرس وبولص,32,naṣrāniyya,https://syri.ac/bibliography/1618320661,"Lantschoot, Arnold van. “Contribution aux Actes de S. Pierre et de S. Paul II – Recension Karšuni des Actes de S. Pierre et S. Paul.” Le Muséon 68 (1955): 219–33.",0,219-227,1657,OCR,G. DiRusso
77,Preaching of Peter,كرز سمعان,33,naṣrāniyya,https://www.worldcat.org/title/4937504,"Gibson, Margaret Dunlop, ed. and trans. Apocrypha Sinaitica. Studia Sinaitica 5. London: C. J. Clay and Sons, 1898",https://archive.org/details/apocryphasinait01gibsgoog/page/n28/mode/2up,55-62,1655,OCR,G. DiRusso
78,Martyrdom of Clement,خبر شهادة القديس اكليمنظس,32,naṣrāniyya,https://www.worldcat.org/title/4937504,"Gibson, Margaret Dunlop, ed. and trans. Apocrypha Siniatica. Studia Sinaitica 5. London: C. J. Clay and Sons, 1896",https://archive.org/details/apocryphasinait01gibsgoog/page/n28/mode/2up,45-53,1980,OCR,G. DiRusso
79,Anaphora Pilati,تذكرة ما فعل بربنا يسوع المسيح على عهد بلاطس البنطى,34,naṣrāniyya,https://www.worldcat.org/title/4937504,"Gibson, Margaret Dunlop, ed. and trans. Apocrypha Siniatica. Studia Sinaitica 5. London: C. J. Clay and Sons, 1896",https://archive.org/details/apocryphasinait01gibsgoog/page/n28/mode/2up,11-Jan,1422,OCR,G. DiRusso
80,Recognitions of Clement,قصة تعرف اقليمس,35,naṣrāniyya,https://www.worldcat.org/title/4937504,"Gibson, Margaret Dunlop, ed. and trans. Apocrypha Siniatica. Studia Sinaitica 5. London: C. J. Clay and Sons, 1896",https://archive.org/details/apocryphasinait01gibsgoog/page/n28/mode/2up,13-27,3821,OCR,J. Farrell
81,ʿUyūb al-Nafs,كتاب عيوب النفس,11,Sufism,https://www.worldcat.org/title/235974908,Worldcat Link,0,May-39,4485,OCR,A. Musto
82,Ḥaqā'iq al-Tafsīr,حقائق التفسير,11,Sufism,https://www.worldcat.org/title/49008316,Worldcat Link,0,24-886,203086,OITI,A. Musto
83,Riyāḍat al-nafs,كتاب رياضة النفس,38,Sufism,https://www.worldcat.org/title/1143391416,Worldcat Link,0,29-76,10498,OITI,A. Musto
84,al-ʿAql wa-l-hawā,العقل والهوى,38,Sufism,https://www.worldcat.org/title/1143391416,Worldcat Link,0,7-Jan,3626,OITI,A. Musto
85,Kitāb al-Mawāqif,كتاب المواقف,36,Sufism,https://worldcat.org/en/title/957336968,Worldcat Link,0,1-142,25774,OITI,A. Musto
86,Kitāb al-Mukhāṭabāt,كتاب المخاطبات,36,Sufism,https://worldcat.org/en/title/957336968,Worldcat Link,0,143-218,13642,OITI,A. Musto
87,Qūt al-Qulūb,قوت القلوب,39,Sufism,https://worldcat.org/title/61248962,Worldcat Link,0,7-935,380466,OITI,A. Musto
89,Naḥw al-Qulūb,نحو القلوب,37,Sufism,https://worldcat.org/title/1143391416,Worldcat Link,0,39-45,1015,OITI,A. Musto
90,al-Risāla al-Qushayriyya,الرسالة القشيرية,37,Sufism,https://www.worldcat.org/title/21947117?oclcNum=21947117,Worldcat Link,0,14-585,111637,OITI,A. Musto
91,Manāzil al-Sā'irīn,منازل السائرين,40,Sufism,https://www.worldcat.org/title/643418044,Worldcat Link,0,3-139,10204,OITI,A. Musto
92,Adab mujālisat al-mashayikh,أدب مجالسة المشايخ,11,Sufism,https://search.worldcat.org/title/25335939,"Majmūʿah-i Āsār-i Abū ʿAbd al-Raḥmān Sulamī, volume 3. Edited by Nasrollah Pourjavady and Muḥammad Sūrī. Tehran: Markaz-i Nashr-i Dānishgāhī, 1990, 105-120",0,105-120,3946,Shamela,A. Musto
93,Kitāb al-Futuwwa,كتاب الفتوة,11,Sufism,https://search.worldcat.org/title/25335939,"Majmūʿah-i Āsār-i Abū ʿAbd al-Raḥmān Sulamī, volume 2. Edited by Nasrollah Pourjavady and Muḥammad Sūrī. Tehran: Markaz-i Nashr-i Dānishgāhī, 1990, 225-330",0,225-330,16381,Shamela,A. Musto
94,Risālat al-Malāmatiyya,رسالة الملامتية,11,Sufism,https://search.worldcat.org/title/25335939,"Majmūʿah-i Āsār-i Abū ʿAbd al-Raḥmān Sulamī, volume 2. Edited by Nasrollah Pourjavady and Muḥammad Sūrī. Tehran: Markaz-i Nashr-i Dānishgāhī, 1990, 402-436",0,402-436,7527,Shamela,A. Musto
95,Bayān al-sharīʿa wa-l-ḥaqīqa,بيان الشريعة والحقيقة,11,Sufism,https://search.worldcat.org/title/25335939,"Majmūʿah-i Āsār-i Abū ʿAbd al-Raḥmān Sulamī, volume 3. Edited by Nasrollah Pourjavady and Muḥammad Sūrī. Tehran: Markaz-i Nashr-i Dānishgāhī, 1990, 397-405",0,397-405,2141,Shamela,A. Musto
96,Bayān tadhallul al-fuqarāʾ,بيان تذلل الفقراء,11,Sufism,https://search.worldcat.org/title/25335939,"Majmūʿah-i Āsār-i Abū ʿAbd al-Raḥmān Sulamī, volume 3. Edited by Nasrollah Pourjavady and Muḥammad Sūrī. Tehran: Markaz-i Nashr-i Dānishgāhī, 1990, 33-61",0,33-61,6954,Shamela,A. Musto
97,Darājāt al-muʿāmalāt,دراجات العاملة,11,Sufism,https://search.worldcat.org/title/25335939,"Majmūʿah-i Āsār-i Abū ʿAbd al-Raḥmān Sulamī, volume 1. Edited by Nasrollah Pourjavady and Muḥammad Sūrī. Tehran: Markaz-i Nashr-i Dānishgāhī, 1990, 477-495",0,477-495,3321,Shamela,A. Musto
98,Darājāt al-ṣādiqīn,دراجات الصادقين,11,Sufism,https://search.worldcat.org/title/25335939,"Majmūʿah-i Āsār-i Abū ʿAbd al-Raḥmān Sulamī, volume 3. Edited by Nasrollah Pourjavady and Muḥammad Sūrī. Tehran: Markaz-i Nashr-i Dānishgāhī, 1990, 79-88",0,79-88,2986,Shamela,A. Musto
99,Jawāmiʿ ādāb al-ṣūfiyya,جوامع آداب الصوفية,11,Sufism,https://search.worldcat.org/title/25335939,"Majmūʿah-i Āsār-i Abū ʿAbd al-Raḥmān Sulamī, volume 1. Edited by Nasrollah Pourjavady and Muḥammad Sūrī. Tehran: Markaz-i Nashr-i Dānishgāhī, 1990, 341-408",0,341-408,14451,Shamela,A. Musto
100,Kalām al-shāfiʿī fī al-taṣawwuf,كلام الشافعي في التصوف,11,Sufism,https://search.worldcat.org/title/25335939,"Majmūʿah-i Āsār-i Abū ʿAbd al-Raḥmān Sulamī, volume 2. Edited by Nasrollah Pourjavady and Muḥammad Sūrī. Tehran: Markaz-i Nashr-i Dānishgāhī, 1990, 174-204",0,174-204,5638,Shamela,A. Musto
101,Kitāb fuṣūl fī al-taṣawwuf,كتاب فصول في التصوف,11,Sufism,https://search.worldcat.org/title/25335939,"Majmūʿah-i Āsār-i Abū ʿAbd al-Raḥmān Sulamī, volume 3. Edited by Nasrollah Pourjavady and Muḥammad Sūrī. Tehran: Markaz-i Nashr-i Dānishgāhī, 1990, 177-221",0, 177-221,15513,Shamela,A. Musto
102,Masʾalat waridat min makka,مسئلة وردت من مكة,11,Sufism,https://search.worldcat.org/title/25335939,"Majmūʿah-i Āsār-i Abū ʿAbd al-Raḥmān Sulamī, volume 3. Edited by Nasrollah Pourjavady and Muḥammad Sūrī. Tehran: Markaz-i Nashr-i Dānishgāhī, 1990, 455-460",0, 455-460,1776,Shamela,A. Musto
103,Manāhij al-ʿārifīn,مناهج العارفين,11,Sufism,https://search.worldcat.org/title/25335939,"Majmūʿah-i Āsār-i Abū ʿAbd al-Raḥmān Sulamī, volume 2. Edited by Nasrollah Pourjavady and Muḥammad Sūrī. Tehran: Markaz-i Nashr-i Dānishgāhī, 1990, 143-157",0,143-157,4739,Shamela,A. Musto
104,Masʾalat ṣifāt al-dhākirīn,مسئلة صفات الذاكرين,11,Sufism,https://search.worldcat.org/title/25335939,"Majmūʿah-i Āsār-i Abū ʿAbd al-Raḥmān Sulamī, volume 2. Edited by Nasrollah Pourjavady and Muḥammad Sūrī. Tehran: Markaz-i Nashr-i Dānishgāhī, 1990, 445-456",0,445-456,1706,Shamela,A. Musto
105,Maḥāsin al-ṣūfiyya,محاسن الصوفية,11,Sufism,https://search.worldcat.org/title/25335939,"Majmūʿah-i Āsār-i Abū ʿAbd al-Raḥmān Sulamī, volume 3. Edited by Nasrollah Pourjavady and Muḥammad Sūrī. Tehran: Markaz-i Nashr-i Dānishgāhī, 1990, 129-146",0,129-146,4700,Shamela,A. Musto
106,Mustakharaj min ḥikāyāt ābī ṣāliḥ,مستخرج من حكايات أبي صالح,11,Sufism,https://search.worldcat.org/title/25335939,"Majmūʿah-i Āsār-i Abū ʿAbd al-Raḥmān Sulamī, volume 3. Edited by Nasrollah Pourjavady and Muḥammad Sūrī. Tehran: Markaz-i Nashr-i Dānishgāhī, 1990, 339-346",0,339-346,1831,Shamela,A. Musto
108,Nasīm al-arwāḥ,نسيم الأرواح,11,Sufism,https://search.worldcat.org/title/25335939,"Majmūʿah-i Āsār-i Abū ʿAbd al-Raḥmān Sulamī, volume 2. Edited by Nasrollah Pourjavady and Muḥammad Sūrī. Tehran: Markaz-i Nashr-i Dānishgāhī, 1990, 162-170",0,162-170,2595,Shamela,A. Musto
109,Rawḍat al-murīdīn,روضة المريدين,11,Sufism,https://search.worldcat.org/title/25335939,"Majmūʿah-i Āsār-i Abū ʿAbd al-Raḥmān Sulamī, volume 3. Edited by Nasrollah Pourjavady and Muḥammad Sūrī. Tehran: Markaz-i Nashr-i Dānishgāhī, 1990, 373-381",0,373-381,2222,Shamela,A. Musto
110,Risāla fī ghalaṭāt al-ṣūfiyya,رسالة في غلطات الصوفية,11,Sufism,https://search.worldcat.org/title/25335939,"Majmūʿah-i Āsār-i Abū ʿAbd al-Raḥmān Sulamī, volume 3. Edited by Nasrollah Pourjavady and Muḥammad Sūrī. Tehran: Markaz-i Nashr-i Dānishgāhī, 1990, 469-481",0,469-481,4421,Shamela,A. Musto
111,Risāla fī maʿrifat allāh,رسالة في معرفة الله,11,Sufism,https://search.worldcat.org/title/25335939,"Majmūʿah-i Āsār-i Abū ʿAbd al-Raḥmān Sulamī, volume 3. Edited by Nasrollah Pourjavady and Muḥammad Sūrī. Tehran: Markaz-i Nashr-i Dānishgāhī, 1990, 355-361",0,355-361,1681,Shamela,A. Musto
112,Sharḥ maʿānī al-ḥurūf,شرح معاني الحروف,11,Sufism,https://search.worldcat.org/title/25335939,"Majmūʿah-i Āsār-i Abū ʿAbd al-Raḥmān Sulamī, volume 3. Edited by Nasrollah Pourjavady and Muḥammad Sūrī. Tehran: Markaz-i Nashr-i Dānishgāhī, 1990, 247-272",0,247-272,6781,Shamela,A. Musto
113,Sulūk al-ʿārifīn,سلوك العارفين,11,Sufism,https://search.worldcat.org/title/25335939,"Majmūʿah-i Āsār-i Abū ʿAbd al-Raḥmān Sulamī, volume 3. Edited by Nasrollah Pourjavady and Muḥammad Sūrī. Tehran: Markaz-i Nashr-i Dānishgāhī, 1990, 565-579",0,565-579,3845,Shamela,A. Musto
114,Ādāb al-ṣūfiyya fī ityānihim al-rukhaṣ,آداب الصوفية في إتيانهم الرخص,11,Sufism,https://search.worldcat.org/title/25335939,"Majmūʿah-i Āsār-i Abū ʿAbd al-Raḥmān Sulamī, volume 3. Edited by Nasrollah Pourjavady and Muḥammad Sūrī. Tehran: Markaz-i Nashr-i Dānishgāhī, 1990, 541-555",0,541-555,5270,Shamela,A. Musto
115,Ḥikam muntakhab min aqwāl al-ʿulamāʾ,حكم منتخب من أقوال العلماء,11,Sufism,https://search.worldcat.org/title/25335939,"Majmūʿah-i Āsār-i Abū ʿAbd al-Raḥmān Sulamī, volume 3. Edited by Nasrollah Pourjavady and Muḥammad Sūrī. Tehran: Markaz-i Nashr-i Dānishgāhī, 1990, 155-166",0,155-166,2596,Shamela,A. Musto
116,al-Qaṣd ilā allāh,القصد إلى الله,11,Sufism,https://search.worldcat.org/title/62886370,"Abū al-Qāsim al-Junayd, Rasā’il al-Junayd: Awwal ʿAmal Yajmaʿ Kull Rasā’il al-Imām al-Junayd, ed. Jamāl Rajab Sīdbī (Damascus: Dār Iqra’, 2005)., 41-86",0,41-86,13127,Shamela,A. Musto
